0,479581865,2021-11-03T12:01:51.000Z,['1455867820974256135'],"{'hashtags': [{'start': 0, 'end': 6, 'tag': 'MDLPA'}], 'urls': [{'start': 67, 'end': 90, 'url': 'https://t.co/A1TK7qSeU8', 'expanded_url': 'http://data.gov.ro', 'display_url': 'data.gov.ro', 'status': 200, 'title': 'Bine ai venit - data.gov.ro', 'description': 'Punct central de acces pentru seturile de date deschise livrate de autoritÄƒÈ›ile È™i instituÈ›iile administraÈ›iei publice, ajutÃ¢nd publicul sÄƒ gÄƒseascÄƒ, sÄƒ descarce È™i sÄƒ foloseascÄƒ informaÈ›iile generate È™i deÈ›inute de structurile administrative. Link-uri, DocumentaÈ›ii, Video Grup de lucru norme date deschise Legea nr.179/2022 privind datele deschise È™i reutilizarea informaÈ›iilor din sectorul public a fost publicatÄƒ Ã® n Monitorul Oficial din data de 14 iunie 2022. Legea transpune...', 'unwound_url': 'https://data.gov.ro/'}, {'start': 91, 'end': 114, 'url': 'https://t.co/grxFSHr7VU', 'expanded_url': 'https://bit.ly/3wfM2ib', 'display_url': 'bit.ly/3wfM2ib', 'status': 200, 'unwound_url': 'https://www.facebook.com/MinisterulLucrarilorPublice/posts/4245567565572222'}, {'start': 115, 'end': 138, 'url': 'https://t.co/5EPgNoF7ia', 'expanded_url': 'https://twitter.com/eDezvoltare/status/1455867820974256135/photo/1', 'display_url': 'pic.twitter.com/5EPgNoF7ia', 'media_key': '3_1455867737788534790'}]}",1455867820974256135,"{'retweet_count': 0, 'reply_count': 0, 'like_count': 0, 'quote_count': 0}",Twitter Web App,"#MDLPA a publicat peste 700 de seturi de date deschise Ã®n portalul https://t.co/A1TK7qSeU8
https://t.co/grxFSHr7VU https://t.co/5EPgNoF7ia"
1,11134142,2021-10-19T07:29:40.000Z,['1450363504733609984'],"{'urls': [{'start': 257, 'end': 280, 'url': 'https://t.co/GLBwm7tutv', 'expanded_url': 'https://data.gov.ro/dataset/transparenta-covid', 'display_url': 'data.gov.ro/dataset/transpâ€¦', 'status': 200, 'unwound_url': 'https://data.gov.ro/dataset/transparenta-covid'}]}",1450363504733609984,"{'retweet_count': 0, 'reply_count': 0, 'like_count': 0, 'quote_count': 0}",Twitter Web App,"Marti 19 Oct 2021 zi de recorduri absolute

Cazuri noi: 21.426                 
Decese: 574                 
ATI: 1.805                 
Teste: 81.635 (28.344 PCR + 53.291 rapide) 
Internati: 20.003

Date compilate din raportul publicat azi la ora 10:00 pe https://t.co/GLBwm7tutv"
2,11134142,2021-10-17T07:40:58.000Z,['1449641571402588163'],"{'urls': [{'start': 236, 'end': 259, 'url': 'https://t.co/GLBwm7tutv', 'expanded_url': 'https://data.gov.ro/dataset/transparenta-covid', 'display_url': 'data.gov.ro/dataset/transpâ€¦', 'status': 200, 'unwound_url': 'https://data.gov.ro/dataset/transparenta-covid'}]}",1449641571402588163,"{'retweet_count': 0, 'reply_count': 0, 'like_count': 0, 'quote_count': 0}",Twitter Web App,"Duminica 17 octombrie

Cazuri noi: 12.832                 
Decese: 300                 
ATI: 1.750                 
Teste: 41.726 (18.312 PCR + 23.414 rapide) 
Internati: 19.174

Date compilate din raportul publicat azi la ora 10:00 pe https://t.co/GLBwm7tutv"
3,11134142,2021-10-15T07:34:01.000Z,['1448915048970309656'],"{'urls': [{'start': 182, 'end': 205, 'url': 'https://t.co/GLBwm7tutv', 'expanded_url': 'https://data.gov.ro/dataset/transparenta-covid', 'display_url': 'data.gov.ro/dataset/transpâ€¦', 'status': 200, 'unwound_url': 'https://data.gov.ro/dataset/transparenta-covid'}]}",1448915048970309656,"{'retweet_count': 0, 'reply_count': 0, 'like_count': 0, 'quote_count': 0}",Twitter Web App,"Vineri 15 Octombrie

Cazuri noi: 17.639
Decese: 367
ATI: 1.729
Teste: 67.581 (26.615 PCR + 40.966 rapide)
Internati: 18.268

Date compilate din raportul publicat azi la ora 10:00 pe https://t.co/GLBwm7tutv"
4,11134142,2021-10-14T08:09:15.000Z,['1448561527548698624'],"{'urls': [{'start': 178, 'end': 201, 'url': 'https://t.co/GLBwm7tutv', 'expanded_url': 'https://data.gov.ro/dataset/transparenta-covid', 'display_url': 'data.gov.ro/dataset/transpâ€¦', 'status': 200, 'unwound_url': 'https://data.gov.ro/dataset/transparenta-covid'}]}",1448561527548698624,"{'retweet_count': 0, 'reply_count': 0, 'like_count': 1, 'quote_count': 0}",Twitter Web App,"Joi 14 Octombrie:

18.460 cazuri noi
306 decese
1.727 la ATI
67.019 teste (25.850 PCR + 41.169 rapide)
17.879 internati

Date compilate din raportul publicat azi la ora 10:00 pe https://t.co/GLBwm7tutv"
5,4492539993,2021-04-15T10:40:32.000Z,['1382645004439552006'],"{'hashtags': [{'start': 240, 'end': 249, 'tag': 'OpenData'}], 'urls': [{'start': 215, 'end': 238, 'url': 'https://t.co/dHwCghfbK9', 'expanded_url': 'https://bit.ly/2RCgD9z', 'display_url': 'bit.ly/2RCgD9z'}, {'start': 250, 'end': 273, 'url': 'https://t.co/RUwT2Dk7Ln', 'expanded_url': 'https://twitter.com/ogp_ro/status/1382645004439552006/photo/1', 'display_url': 'pic.twitter.com/RUwT2Dk7Ln', 'media_key': '3_1382644987381301251'}]}",1382645004439552006,"{'retweet_count': 0, 'reply_count': 0, 'like_count': 0, 'quote_count': 0}",Twitter Web App,"Secretariatul General al Guvernului, prin Romanian Association for Quantitative Studies, a realizat Ã®n perioada 2020-2021 un studiu de evaluare a impactului deschiderii datelor asupra societÄƒÈ›ii romÃ¢neÈ™ti. Detalii: https://t.co/dHwCghfbK9. #OpenData https://t.co/RUwT2Dk7Ln"
6,89760037,2021-03-26T15:36:18.000Z,['1375471682324987904'],"{'urls': [{'start': 31, 'end': 54, 'url': 'https://t.co/cqZ5dq7mhn', 'expanded_url': 'https://data.gov.ro/dataset/transparenta-covid/resource/d0b60b45-fb08-4980-a34c-8cbb4a43cad3', 'display_url': 'data.gov.ro/dataset/transpâ€¦', 'status': 200, 'unwound_url': 'https://data.gov.ro/dataset/transparenta-covid/resource/d0b60b45-fb08-4980-a34c-8cbb4a43cad3'}]}",1375471682324987904,"{'retweet_count': 0, 'reply_count': 0, 'like_count': 1, 'quote_count': 0}",Twitter Web App,Pentru amatorii de statistica: https://t.co/cqZ5dq7mhn
7,1222601136445718529,2021-03-11T06:57:20.000Z,['1369905261381619714'],"{'urls': [{'start': 16, 'end': 39, 'url': 'https://t.co/DzCB74QNTc', 'expanded_url': 'https://www.aktual24.ro/usrplus-declara-razboi-sts-ului-europarlamentarul-ramona-strugariu-va-sesiza-comisia-europeana-in-legatura-cu-blocarea-accesului-ministerului-sanatatii-la-platforma-data-gov-ro-absolut-de-neaccept/', 'display_url': 'aktual24.ro/usrplus-declarâ€¦'}]}",1369905261381619714,"{'retweet_count': 0, 'reply_count': 0, 'like_count': 0, 'quote_count': 0}",Twitter Web App,"Securistii PSD:
https://t.co/DzCB74QNTc"
8,1164493505164718082,2021-03-10T15:47:36.000Z,['1369676318745399299'],"{'urls': [{'start': 110, 'end': 133, 'url': 'https://t.co/LEvw9DMqgo', 'expanded_url': 'http://data.gov.ro', 'display_url': 'data.gov.ro', 'status': 200, 'title': 'Bine ai venit - data.gov.ro', 'description': 'Punct central de acces pentru seturile de date deschise livrate de autoritÄƒÈ›ile È™i instituÈ›iile administraÈ›iei publice, ajutÃ¢nd publicul sÄƒ gÄƒseascÄƒ, sÄƒ descarce È™i sÄƒ foloseascÄƒ informaÈ›iile generate È™i deÈ›inute de structurile administrative. Link-uri, DocumentaÈ›ii, Video Grup de lucru norme date deschise Legea nr.179/2022 privind datele deschise È™i reutilizarea informaÈ›iilor din sectorul public a fost publicatÄƒ Ã® n Monitorul Oficial din data de 14 iunie 2022. Legea transpune...', 'unwound_url': 'https://data.gov.ro/'}, {'start': 162, 'end': 185, 'url': 'https://t.co/CzLZTXm5o5', 'expanded_url': 'https://observatornews.ro/politic/scandalul-datelor-despre-vaccinare-consilier-al-lui-voiculescu-de-doua-zile-ministerul-nu-mai-are-acces-la-datagovro-pentru-a-publica-informatii-412227.html', 'display_url': 'observatornews.ro/politic/scandaâ€¦'}]}",1369676318745399299,"{'retweet_count': 0, 'reply_count': 0, 'like_count': 1, 'quote_count': 0}",Microsoft Power Platform,"Scandalul datelor despre vaccinare. Consilier al lui Voiculescu: De douÄƒ zile, ministerul nu mai are acces la https://t.co/LEvw9DMqgo pentru a publica informaÅ£ii https://t.co/CzLZTXm5o5"
9,883544281666945027,2021-03-10T15:42:36.000Z,['1369675058873008132'],"{'urls': [{'start': 0, 'end': 23, 'url': 'https://t.co/iVBWwKvgyM', 'expanded_url': 'https://www.aktual24.ro/breaking-ministerului-sanatatii-i-s-a-blocat-accesul-pe-platforma-data-gov-ro-pentru-a-publica-noi-informatii-cu-datele-despre-pandemie-si-vaccinare/', 'display_url': 'aktual24.ro/breaking-minisâ€¦'}]}",1369675058873008132,"{'retweet_count': 1, 'reply_count': 0, 'like_count': 3, 'quote_count': 0}",Twitter Web App,https://t.co/iVBWwKvgyM
10,598490343,2021-03-10T15:42:33.000Z,['1369675047275696129'],"{'hashtags': [{'start': 186, 'end': 192, 'tag': 'stiri'}, {'start': 193, 'end': 201, 'tag': 'romania'}, {'start': 202, 'end': 213, 'tag': 'Observator'}], 'urls': [{'start': 110, 'end': 133, 'url': 'https://t.co/M29fvPydli', 'expanded_url': 'http://data.gov.ro', 'display_url': 'data.gov.ro', 'status': 200, 'title': 'Bine ai venit - data.gov.ro', 'description': 'Punct central de acces pentru seturile de date deschise livrate de autoritÄƒÈ›ile È™i instituÈ›iile administraÈ›iei publice, ajutÃ¢nd publicul sÄƒ gÄƒseascÄƒ, sÄƒ descarce È™i sÄƒ foloseascÄƒ informaÈ›iile generate È™i deÈ›inute de structurile administrative. Link-uri, DocumentaÈ›ii, Video Grup de lucru norme date deschise Legea nr.179/2022 privind datele deschise È™i reutilizarea informaÈ›iilor din sectorul public a fost publicatÄƒ Ã® n Monitorul Oficial din data de 14 iunie 2022. Legea transpune...', 'unwound_url': 'https://data.gov.ro/'}, {'start': 162, 'end': 185, 'url': 'https://t.co/MM9rjeRSr4', 'expanded_url': 'http://dlvr.it/RvMBWm', 'display_url': 'dlvr.it/RvMBWm'}]}",1369675047275696129,"{'retweet_count': 0, 'reply_count': 0, 'like_count': 0, 'quote_count': 0}",dlvr.it,"Scandalul datelor despre vaccinare. Consilier al lui Voiculescu: De douÄƒ zile, ministerul nu mai are acces la https://t.co/M29fvPydli pentru a publica informaÅ£ii https://t.co/MM9rjeRSr4 #stiri #romania #Observator"
11,883544281666945027,2021-03-10T15:41:23.000Z,['1369674754769182724'],"{'urls': [{'start': 0, 'end': 23, 'url': 'https://t.co/kgmLOrc2zI', 'expanded_url': 'https://www.aktual24.ro/usrplus-declara-razboi-sts-ului-europarlamentarul-ramona-strugariu-va-sesiza-comisia-europeana-in-legatura-cu-blocarea-accesului-ministerului-sanatatii-la-platforma-data-gov-ro-absolut-de-neaccept/', 'display_url': 'aktual24.ro/usrplus-declarâ€¦'}]}",1369674754769182724,"{'retweet_count': 0, 'reply_count': 0, 'like_count': 0, 'quote_count': 0}",Twitter Web App,https://t.co/kgmLOrc2zI
12,78542725,2021-03-10T15:30:05.000Z,['1369671909693128707'],"{'urls': [{'start': 134, 'end': 157, 'url': 'https://t.co/src8VOBguc', 'expanded_url': 'https://ziare.com/politica/stiri-politice/ramona-strugariu-despre-blocarea-accesului-ministerului-sanatatii-la-data-gov-ro-1666617', 'display_url': 'ziare.com/politica/stiriâ€¦', 'status': 200, 'unwound_url': 'https://ziare.com/politica/stiri-politice/ramona-strugariu-despre-blocarea-accesului-ministerului-sanatatii-la-data-gov-ro-1666617'}]}",1369671909693128707,"{'retweet_count': 0, 'reply_count': 0, 'like_count': 2, 'quote_count': 0}",Ziare.com API,"Europarlamentarul Ramona Strugariu: ""Cine si in ce calitate isi permite sa taie accesul Ministerului Sanatatii la platforma de date?"" https://t.co/src8VOBguc"
13,78537097,2021-03-10T15:30:04.000Z,['1369671907059073033'],"{'urls': [{'start': 134, 'end': 157, 'url': 'https://t.co/GD7LB0BP0k', 'expanded_url': 'https://ziare.com/politica/stiri-politice/ramona-strugariu-despre-blocarea-accesului-ministerului-sanatatii-la-data-gov-ro-1666617', 'display_url': 'ziare.com/politica/stiriâ€¦', 'status': 200, 'unwound_url': 'https://ziare.com/politica/stiri-politice/ramona-strugariu-despre-blocarea-accesului-ministerului-sanatatii-la-data-gov-ro-1666617'}]}",1369671907059073033,"{'retweet_count': 0, 'reply_count': 0, 'like_count': 1, 'quote_count': 0}",Ziare.com API,"Europarlamentarul Ramona Strugariu: ""Cine si in ce calitate isi permite sa taie accesul Ministerului Sanatatii la platforma de date?"" https://t.co/GD7LB0BP0k"
14,45789153,2021-03-10T15:29:01.000Z,['1369671644365660160'],"{'urls': [{'start': 94, 'end': 117, 'url': 'https://t.co/aEyfjHtu9o', 'expanded_url': 'https://ziare.com/politica/stiri-politice/ramona-strugariu-despre-blocarea-accesului-ministerului-sanatatii-la-data-gov-ro-1666617', 'display_url': 'ziare.com/politica/stiriâ€¦', 'status': 200, 'unwound_url': 'https://ziare.com/politica/stiri-politice/ramona-strugariu-despre-blocarea-accesului-ministerului-sanatatii-la-data-gov-ro-1666617'}]}",1369671644365660160,"{'retweet_count': 0, 'reply_count': 0, 'like_count': 0, 'quote_count': 0}",Ziare.com API,Ramona Strugariu a mai anuntat ca se va adresa comisarilor europeni in acest caz &gt;&gt;&gt; https://t.co/aEyfjHtu9o
15,1188814129836023809,2021-03-10T14:50:01.000Z,['1369661828171710468'],"{'urls': [{'start': 119, 'end': 142, 'url': 'https://t.co/NCCcndepvf', 'expanded_url': 'http://data.gov.ro', 'display_url': 'data.gov.ro'}, {'start': 171, 'end': 194, 'url': 'https://t.co/exFQRx7RB0', 'expanded_url': 'http://adev.ro/qpr2tq', 'display_url': 'adev.ro/qpr2tq'}]}",1369661828171710468,"{'retweet_count': 0, 'reply_count': 0, 'like_count': 0, 'quote_count': 0}",Twitter Web App,"Continua scandalul datelor despre vaccinare. Consilier al lui Voiculescu: De douÄƒ zile, ministerulÂ nu mai are acces la https://t.co/NCCcndepvf pentru a publica informaÅ£ii https://t.co/exFQRx7RB0"
16,78542725,2021-03-10T14:00:05.000Z,['1369649261013590016'],"{'urls': [{'start': 78, 'end': 101, 'url': 'https://t.co/gxJWpCrtT8', 'expanded_url': 'http://data.gov.ro', 'display_url': 'data.gov.ro'}, {'start': 152, 'end': 175, 'url': 'https://t.co/9byuzxGRWo', 'expanded_url': 'https://ziare.com/politica/stiri-politice/ministerul-sanatatii-nu-mai-are-aces-la-data-gov-ro-1666588', 'display_url': 'ziare.com/politica/stiriâ€¦', 'status': 200, 'unwound_url': 'https://ziare.com/politica/stiri-politice/ministerul-sanatatii-nu-mai-are-aces-la-data-gov-ro-1666588'}]}",1369649261013590016,"{'retweet_count': 0, 'reply_count': 0, 'like_count': 0, 'quote_count': 0}",Ziare.com API,"Consilierul lui Voiculescu sustine ca Ministerul Sanatatii nu mai are aces la https://t.co/gxJWpCrtT8, dupa scandalul datelor despre pandemie publicate https://t.co/9byuzxGRWo"
17,78537097,2021-03-10T14:00:04.000Z,['1369649258442395649'],"{'urls': [{'start': 78, 'end': 101, 'url': 'https://t.co/5wuUsJIACu', 'expanded_url': 'http://data.gov.ro', 'display_url': 'data.gov.ro'}, {'start': 152, 'end': 175, 'url': 'https://t.co/PvkHpR8VCR', 'expanded_url': 'https://ziare.com/politica/stiri-politice/ministerul-sanatatii-nu-mai-are-aces-la-data-gov-ro-1666588', 'display_url': 'ziare.com/politica/stiriâ€¦', 'status': 200, 'unwound_url': 'https://ziare.com/politica/stiri-politice/ministerul-sanatatii-nu-mai-are-aces-la-data-gov-ro-1666588'}]}",1369649258442395649,"{'retweet_count': 0, 'reply_count': 0, 'like_count': 0, 'quote_count': 0}",Ziare.com API,"Consilierul lui Voiculescu sustine ca Ministerul Sanatatii nu mai are aces la https://t.co/5wuUsJIACu, dupa scandalul datelor despre pandemie publicate https://t.co/PvkHpR8VCR"
18,45789153,2021-03-10T14:00:04.000Z,['1369649256689188868'],"{'urls': [{'start': 34, 'end': 57, 'url': 'https://t.co/8ofMZTKOA4', 'expanded_url': 'https://ziare.com/politica/stiri-politice/ministerul-sanatatii-nu-mai-are-aces-la-data-gov-ro-1666588', 'display_url': 'ziare.com/politica/stiriâ€¦', 'status': 200, 'unwound_url': 'https://ziare.com/politica/stiri-politice/ministerul-sanatatii-nu-mai-are-aces-la-data-gov-ro-1666588'}]}",1369649256689188868,"{'retweet_count': 0, 'reply_count': 0, 'like_count': 0, 'quote_count': 0}",Ziare.com API,Datele care au provocat scandalul https://t.co/8ofMZTKOA4
19,3844814369,2021-03-10T13:36:50.000Z,['1369643409443610632'],"{'urls': [{'start': 138, 'end': 161, 'url': 'https://t.co/3aWUhS5KJp', 'expanded_url': 'http://data.gov.ro', 'display_url': 'data.gov.ro'}]}",1369643409443610632,"{'retweet_count': 0, 'reply_count': 0, 'like_count': 0, 'quote_count': 0}",2am.eu,Coordonatorul campaniei de transparentizare a datelor despre pandemie È™i vaccinare: De douÄƒ zile Ministerul SÄƒnÄƒtÄƒÈ›ii nu mai are acces la https://t.co/3aWUhS5KJp...
20,24044853,2021-03-10T13:13:45.000Z,['1369637601687273477'],"{'urls': [{'start': 16, 'end': 39, 'url': 'https://t.co/RyJtNRRLek', 'expanded_url': 'https://lnkd.in/eR492F5', 'display_url': 'lnkd.in/eR492F5'}]}",1369637601687273477,"{'retweet_count': 0, 'reply_count': 0, 'like_count': 0, 'quote_count': 0}",LinkedIn,Ceva de ascuns? https://t.co/RyJtNRRLek
21,1195436069984100352,2021-03-10T12:09:18.000Z,['1369621381814566912'],"{'hashtags': [{'start': 201, 'end': 212, 'tag': 'incredibil'}, {'start': 213, 'end': 223, 'tag': 'dictatura'}, {'start': 224, 'end': 231, 'tag': 'peFata'}], 'urls': [{'start': 78, 'end': 101, 'url': 'https://t.co/H0Sk2wPvrz', 'expanded_url': 'http://data.gov.ro', 'display_url': 'data.gov.ro'}, {'start': 233, 'end': 256, 'url': 'https://t.co/ldhcQ3cJvb', 'expanded_url': 'https://www.g4media.ro/consilierul-lui-vlad-voiculescu-sustine-ca-ministerul-sanatatii-nu-mai-are-acces-la-portalul-guvernului-pentru-a-publica-informatiile-despre-vaccinare.html', 'display_url': 'g4media.ro/consilierul-luâ€¦'}, {'start': 257, 'end': 280, 'url': 'https://t.co/aVyVpLmmiO', 'expanded_url': 'https://twitter.com/zatttta1/status/1369621381814566912/photo/1', 'display_url': 'pic.twitter.com/aVyVpLmmiO', 'media_key': '3_1369621377427402754'}]}",1369621381814566912,"{'retweet_count': 1, 'reply_count': 0, 'like_count': 4, 'quote_count': 0}",Twitter for iPhone,"â€˜Ministerul SÄƒnÄƒtÄƒÈ›ii nu mai are acces de douÄƒ zile pe portalul guvernamental https://t.co/H0Sk2wPvrz pentru a publica informaÈ›iile despre vaccinare È™i pandemie.â€™ 
È˜i cine are, Ministerul Propagandei? #incredibil #dictatura #peFata 
https://t.co/ldhcQ3cJvb https://t.co/aVyVpLmmiO"
22,1857507560,2021-03-10T08:12:17.000Z,['1369561732964843520'],"{'urls': [{'start': 46, 'end': 69, 'url': 'https://t.co/Hh8hq5KUUz', 'expanded_url': 'https://data.gov.ro/dataset/transparenta-covid', 'display_url': 'data.gov.ro/dataset/transpâ€¦', 'status': 200, 'unwound_url': 'https://data.gov.ro/dataset/transparenta-covid'}]}",1369561732964843520,"{'retweet_count': 0, 'reply_count': 0, 'like_count': 0, 'quote_count': 0}",Twidere for Android,Ministerul SÄƒnÄƒtÄƒÈ›ii - transparenÈ›Äƒ Covid-19: https://t.co/Hh8hq5KUUz
23,1857507560,2021-03-10T08:08:03.000Z,['1369560670392442881'],"{'urls': [{'start': 42, 'end': 65, 'url': 'https://t.co/oXIjGiTimB', 'expanded_url': 'https://data.gov.ro/', 'display_url': 'data.gov.ro'}]}",1369560670392442881,"{'retweet_count': 0, 'reply_count': 0, 'like_count': 0, 'quote_count': 0}",Twidere for Android,Platforma de transparenÈ›Äƒ guvernamentalÄƒ: https://t.co/oXIjGiTimB
24,2186093180,2021-03-09T19:31:32.000Z,['1369370284663463936'],"{'urls': [{'start': 22, 'end': 45, 'url': 'https://t.co/3mizyC1im1', 'expanded_url': 'https://data.gov.ro/dataset/transparenta-covid?fbclid=IwAR1LmG_kMPhFMgJ00HMEgsVsWQBbJezr3t58-lcOROq5e_YIWIp04NZoCvw', 'display_url': 'data.gov.ro/dataset/transpâ€¦', 'status': 200, 'unwound_url': 'https://data.gov.ro/dataset/transparenta-covid?fbclid=IwAR1LmG_kMPhFMgJ00HMEgsVsWQBbJezr3t58-lcOROq5e_YIWIp04NZoCvw'}], 'annotations': [{'start': 13, 'end': 20, 'probability': 0.991, 'type': 'Other', 'normalized_text': 'COVID-19'}]}",1369370284663463936,"{'retweet_count': 0, 'reply_count': 0, 'like_count': 0, 'quote_count': 0}",Twitter for Android,"Transparenta COVID-19
https://t.co/3mizyC1im1"
25,1103353732727783425,2021-03-09T09:52:57.000Z,['1369224680473772037'],"{'urls': [{'start': 143, 'end': 166, 'url': 'https://t.co/OyfKDbPIvI', 'expanded_url': 'https://data.gov.ro/dataset/transparenta-covid', 'display_url': 'data.gov.ro/dataset/transpâ€¦', 'status': 200, 'unwound_url': 'https://data.gov.ro/dataset/transparenta-covid'}]}",1369224680473772037,"{'retweet_count': 5, 'reply_count': 0, 'like_count': 11, 'quote_count': 0}",Twitter Web App,"Deci VlÄƒduÈ› dÄƒdu â€nuclearaâ€. DacÄƒ realitatea este cÄƒ doar 225 de paturi ATI sunt ocupate cineva chiar trebuie sÄƒ facÄƒ puÈ™cÄƒrie.
Sursa datelor: https://t.co/OyfKDbPIvI..."
26,4492539993,2021-01-05T11:21:23.000Z,['1346416500467519489'],"{'hashtags': [{'start': 214, 'end': 223, 'tag': 'opendata'}, {'start': 224, 'end': 237, 'tag': 'datedeschise'}, {'start': 238, 'end': 262, 'tag': 'transparentadecizionala'}], 'urls': [{'start': 7, 'end': 30, 'url': 'https://t.co/vYLKXQTjkf', 'expanded_url': 'http://data.gov.ro', 'display_url': 'data.gov.ro', 'status': 200, 'title': 'Bine ai venit - data.gov.ro', 'description': 'Punct central de acces pentru seturile de date deschise livrate de autoritÄƒÈ›ile È™i instituÈ›iile administraÈ›iei publice, ajutÃ¢nd publicul sÄƒ gÄƒseascÄƒ, sÄƒ descarce È™i sÄƒ foloseascÄƒ informaÈ›iile generate È™i deÈ›inute de structurile administrative. Link-uri, DocumentaÈ›ii, Video Grup de lucru norme date deschise Legea nr.179/2022 privind datele deschise È™i reutilizarea informaÈ›iilor din sectorul public a fost publicatÄƒ Ã® n Monitorul Oficial din data de 14 iunie 2022. Legea transpune...', 'unwound_url': 'https://data.gov.ro/'}, {'start': 145, 'end': 168, 'url': 'https://t.co/dvUksjMg8H', 'expanded_url': 'https://bit.ly/3mAQ4LG', 'display_url': 'bit.ly/3mAQ4LG'}, {'start': 188, 'end': 211, 'url': 'https://t.co/WOmXva0DaZ', 'expanded_url': 'https://forms.gle/cWoj7gj82zUHsizK6', 'display_url': 'forms.gle/cWoj7gj82zUHsiâ€¦'}, {'start': 263, 'end': 286, 'url': 'https://t.co/hN7RC9uyCn', 'expanded_url': 'https://twitter.com/ogp_ro/status/1346416500467519489/photo/1', 'display_url': 'pic.twitter.com/hN7RC9uyCn', 'media_key': '3_1346415870252376065'}]}",1346416500467519489,"{'retweet_count': 0, 'reply_count': 0, 'like_count': 0, 'quote_count': 0}",Twitter Web App,"Echipa https://t.co/vYLKXQTjkf vÄƒ invitÄƒ Ã®n 8 ianuarie 2021, orele 10:30-12:00, la dezbaterea cu tema Proiectul de Lege privind datele deschise: https://t.co/dvUksjMg8H.
Pentru Ã®nscriere: https://t.co/WOmXva0DaZ.

#opendata #datedeschise #transparentadecizionala https://t.co/hN7RC9uyCn"
27,1091065702449074176,2020-11-28T14:31:15.000Z,['1332693540909051907'],"{'hashtags': [{'start': 100, 'end': 108, 'tag': 'openApi'}, {'start': 109, 'end': 113, 'tag': 'api'}, {'start': 114, 'end': 125, 'tag': 'government'}], 'urls': [{'start': 76, 'end': 99, 'url': 'https://t.co/lw2kNT7T8X', 'expanded_url': 'http://data.gov.ro/', 'display_url': 'data.gov.ro', 'status': 200, 'title': 'Bine ai venit - data.gov.ro', 'description': 'Punct central de acces pentru seturile de date deschise livrate de autoritÄƒÈ›ile È™i instituÈ›iile administraÈ›iei publice, ajutÃ¢nd publicul sÄƒ gÄƒseascÄƒ, sÄƒ descarce È™i sÄƒ foloseascÄƒ informaÈ›iile generate È™i deÈ›inute de structurile administrative. Link-uri, DocumentaÈ›ii, Video Grup de lucru norme date deschise Legea nr.179/2022 privind datele deschise È™i reutilizarea informaÈ›iilor din sectorul public a fost publicatÄƒ Ã® n Monitorul Oficial din data de 14 iunie 2022. Legea transpune...', 'unwound_url': 'https://data.gov.ro/'}], 'annotations': [{'start': 38, 'end': 44, 'probability': 0.9612, 'type': 'Place', 'normalized_text': 'Romania'}, {'start': 47, 'end': 53, 'probability': 0.8954, 'type': 'Place', 'normalized_text': 'Romania'}]}",1332693540909051907,"{'retweet_count': 0, 'reply_count': 0, 'like_count': 0, 'quote_count': 0}",Random Open API,"ğŸ“¡ Random Open API ğŸ“¡

Open Government, Romania: Romania Government Open Data https://t.co/lw2kNT7T8X #openApi #api #government"
28,4492539993,2020-10-09T11:22:03.000Z,['1314526533957099520'],"{'hashtags': [{'start': 237, 'end': 250, 'tag': 'datedeschise'}, {'start': 251, 'end': 260, 'tag': 'opendata'}], 'urls': [{'start': 7, 'end': 30, 'url': 'https://t.co/vYLKXQTjkf', 'expanded_url': 'http://data.gov.ro', 'display_url': 'data.gov.ro', 'status': 200, 'title': 'Bine ai venit - data.gov.ro', 'description': 'Punct central de acces pentru seturile de date deschise livrate de autoritÄƒÈ›ile È™i instituÈ›iile administraÈ›iei publice, ajutÃ¢nd publicul sÄƒ gÄƒseascÄƒ, sÄƒ descarce È™i sÄƒ foloseascÄƒ informaÈ›iile generate È™i deÈ›inute de structurile administrative. Link-uri, DocumentaÈ›ii, Video Grup de lucru norme date deschise Legea nr.179/2022 privind datele deschise È™i reutilizarea informaÈ›iilor din sectorul public a fost publicatÄƒ Ã® n Monitorul Oficial din data de 14 iunie 2022. Legea transpune...', 'unwound_url': 'https://data.gov.ro/'}, {'start': 212, 'end': 235, 'url': 'https://t.co/whsWQmTALo', 'expanded_url': 'https://bit.ly/2IedYy7', 'display_url': 'bit.ly/2IedYy7'}, {'start': 261, 'end': 284, 'url': 'https://t.co/SP2MkYiWsX', 'expanded_url': 'https://twitter.com/ogp_ro/status/1314526533957099520/photo/1', 'display_url': 'pic.twitter.com/SP2MkYiWsX', 'media_key': '3_1314526247872081921'}]}",1314526533957099520,"{'retweet_count': 1, 'reply_count': 0, 'like_count': 1, 'quote_count': 0}",Twitter Web App,"Echipa https://t.co/vYLKXQTjkf vÄƒ invitÄƒ sÄƒ participaÈ›i Ã®n data de 20 octombrie, orele 10:30-12:30, la webinarul cu tema: 
Reutilizarea datelor deschise - cerere, exemple, impact.
Mai multe detalii È™i Ã®nscriere: https://t.co/whsWQmTALo.
#datedeschise #opendata https://t.co/SP2MkYiWsX"
29,479581865,2020-10-06T05:31:34.000Z,['1313351169222344704'],"{'hashtags': [{'start': 0, 'end': 6, 'tag': 'MLPDA'}, {'start': 135, 'end': 139, 'tag': 'SGG'}, {'start': 150, 'end': 156, 'tag': 'MLPDA'}], 'urls': [{'start': 85, 'end': 108, 'url': 'https://t.co/A1TK7qSeU8', 'expanded_url': 'http://data.gov.ro', 'display_url': 'data.gov.ro', 'status': 200, 'title': 'Bine ai venit - data.gov.ro', 'description': 'Punct central de acces pentru seturile de date deschise livrate de autoritÄƒÈ›ile È™i instituÈ›iile administraÈ›iei publice, ajutÃ¢nd publicul sÄƒ gÄƒseascÄƒ, sÄƒ descarce È™i sÄƒ foloseascÄƒ informaÈ›iile generate È™i deÈ›inute de structurile administrative. Link-uri, DocumentaÈ›ii, Video Grup de lucru norme date deschise Legea nr.179/2022 privind datele deschise È™i reutilizarea informaÈ›iilor din sectorul public a fost publicatÄƒ Ã® n Monitorul Oficial din data de 14 iunie 2022. Legea transpune...', 'unwound_url': 'https://data.gov.ro/'}, {'start': 244, 'end': 267, 'url': 'https://t.co/OAgYqt8aJu', 'expanded_url': 'https://bit.ly/2SvltTc', 'display_url': 'bit.ly/2SvltTc'}, {'start': 268, 'end': 291, 'url': 'https://t.co/lzYaiUEMw7', 'expanded_url': 'https://twitter.com/eDezvoltare/status/1313351169222344704/photo/1', 'display_url': 'pic.twitter.com/lzYaiUEMw7', 'media_key': '3_1313350939038961664'}]}",1313351169222344704,"{'retweet_count': 0, 'reply_count': 0, 'like_count': 1, 'quote_count': 0}",Twitter Web App,"#MLPDA a publicat, pÃ¢nÄƒ Ã®n prezent, peste 500 de seturi de date deschise Ã®n portalul https://t.co/A1TK7qSeU8, realizat È™i gestionat de #SGG.  Astfel, #MLPDA se menÈ›ine pe primul loc Ã®n rÃ¢ndul instituÈ›iilor care publicÄƒ seturi de date deschise. https://t.co/OAgYqt8aJu https://t.co/lzYaiUEMw7"
30,1091065702449074176,2020-08-26T19:31:09.000Z,['1298704554884825088'],"{'hashtags': [{'start': 100, 'end': 108, 'tag': 'openApi'}, {'start': 109, 'end': 113, 'tag': 'api'}, {'start': 114, 'end': 125, 'tag': 'government'}], 'urls': [{'start': 76, 'end': 99, 'url': 'https://t.co/lw2kNT7T8X', 'expanded_url': 'http://data.gov.ro/', 'display_url': 'data.gov.ro', 'status': 200, 'title': 'Bine ai venit - data.gov.ro', 'description': 'Punct central de acces pentru seturile de date deschise livrate de autoritÄƒÈ›ile È™i instituÈ›iile administraÈ›iei publice, ajutÃ¢nd publicul sÄƒ gÄƒseascÄƒ, sÄƒ descarce È™i sÄƒ foloseascÄƒ informaÈ›iile generate È™i deÈ›inute de structurile administrative. Link-uri, DocumentaÈ›ii, Video Grup de lucru norme date deschise Legea nr.179/2022 privind datele deschise È™i reutilizarea informaÈ›iilor din sectorul public a fost publicatÄƒ Ã® n Monitorul Oficial din data de 14 iunie 2022. Legea transpune...', 'unwound_url': 'https://data.gov.ro/'}], 'annotations': [{'start': 38, 'end': 44, 'probability': 0.9612, 'type': 'Place', 'normalized_text': 'Romania'}, {'start': 47, 'end': 53, 'probability': 0.8954, 'type': 'Place', 'normalized_text': 'Romania'}]}",1298704554884825088,"{'retweet_count': 0, 'reply_count': 0, 'like_count': 0, 'quote_count': 0}",Random Open API,"ğŸ“¡ Random Open API ğŸ“¡

Open Government, Romania: Romania Government Open Data https://t.co/lw2kNT7T8X #openApi #api #government"
31,4492539993,2020-07-20T07:49:12.000Z,['1285119554910326785'],"{'hashtags': [{'start': 83, 'end': 104, 'tag': 'RegistrulNationalONG'}, {'start': 159, 'end': 168, 'tag': 'opendata'}, {'start': 169, 'end': 173, 'tag': 'ngo'}, {'start': 174, 'end': 187, 'tag': 'civilsociety'}, {'start': 188, 'end': 195, 'tag': 'ogp_ro'}], 'urls': [{'start': 37, 'end': 60, 'url': 'https://t.co/vYLKXQTjkf', 'expanded_url': 'http://data.gov.ro', 'display_url': 'data.gov.ro', 'status': 200, 'title': 'Bine ai venit - data.gov.ro', 'description': 'Punct central de acces pentru seturile de date deschise livrate de autoritÄƒÈ›ile È™i instituÈ›iile administraÈ›iei publice, ajutÃ¢nd publicul sÄƒ gÄƒseascÄƒ, sÄƒ descarce È™i sÄƒ foloseascÄƒ informaÈ›iile generate È™i deÈ›inute de structurile administrative. Link-uri, DocumentaÈ›ii, Video Grup de lucru norme date deschise Legea nr.179/2022 privind datele deschise È™i reutilizarea informaÈ›iilor din sectorul public a fost publicatÄƒ Ã® n Monitorul Oficial din data de 14 iunie 2022. Legea transpune...', 'unwound_url': 'https://data.gov.ro/'}, {'start': 135, 'end': 158, 'url': 'https://t.co/g1YEin63LO', 'expanded_url': 'https://bit.ly/2WzNdby', 'display_url': 'bit.ly/2WzNdby'}, {'start': 196, 'end': 219, 'url': 'https://t.co/2c4HBWvvlT', 'expanded_url': 'https://twitter.com/ogp_ro/status/1285119554910326785/photo/1', 'display_url': 'pic.twitter.com/2c4HBWvvlT', 'media_key': '3_1285119508789825537'}]}",1285119554910326785,"{'retweet_count': 0, 'reply_count': 0, 'like_count': 0, 'quote_count': 0}",Twitter Web App,Platforma naÈ›ionalÄƒ de date deschise https://t.co/vYLKXQTjkf vÄƒ pune la dispoziÈ›ie #RegistrulNationalONG actualizat la urmÄƒtorul link: https://t.co/g1YEin63LO #opendata #ngo #civilsociety #ogp_ro https://t.co/2c4HBWvvlT
32,4492539993,2020-07-16T06:34:21.000Z,['1283651165926887424'],"{'urls': [{'start': 198, 'end': 221, 'url': 'https://t.co/vYLKXQTjkf', 'expanded_url': 'http://data.gov.ro', 'display_url': 'data.gov.ro', 'status': 200, 'title': 'Bine ai venit - data.gov.ro', 'description': 'Punct central de acces pentru seturile de date deschise livrate de autoritÄƒÈ›ile È™i instituÈ›iile administraÈ›iei publice, ajutÃ¢nd publicul sÄƒ gÄƒseascÄƒ, sÄƒ descarce È™i sÄƒ foloseascÄƒ informaÈ›iile generate È™i deÈ›inute de structurile administrative. Link-uri, DocumentaÈ›ii, Video Grup de lucru norme date deschise Legea nr.179/2022 privind datele deschise È™i reutilizarea informaÈ›iilor din sectorul public a fost publicatÄƒ Ã® n Monitorul Oficial din data de 14 iunie 2022. Legea transpune...', 'unwound_url': 'https://data.gov.ro/'}, {'start': 224, 'end': 247, 'url': 'https://t.co/fnJH1juIVI', 'expanded_url': 'https://bit.ly/3eCVd1D', 'display_url': 'bit.ly/3eCVd1D', 'status': 200, 'unwound_url': 'https://creativecommons.org/2020/07/15/cc-license-and-cc0-available-in-romanian/?fbclid=IwAR1mszCNXEk5QuJWvQDwYiZsQdgy9nHIiSG-2qhDYBzLYa4uPGrLs5yi2_k'}], 'mentions': [{'start': 84, 'end': 91, 'username': 'ogp_ro', 'id': '4492539993'}]}",1283651165926887424,"{'retweet_count': 0, 'reply_count': 0, 'like_count': 0, 'quote_count': 0}",Twitter Web App,"Ãn vederea alinierii la practica de la nivelul Uniunii Europene È™i statelor membre, @ogp_ro recomandÄƒ utilizarea prioritarÄƒ a licenÈ›ei CC-BY 4.0 la publicarea seturilor de date pe portalul naÈ›ional https://t.co/vYLKXQTjkf.  https://t.co/fnJH1juIVI"
33,4492539993,2020-06-17T11:24:50.000Z,['1273215018180530179'],"{'hashtags': [{'start': 224, 'end': 233, 'tag': 'opendata'}, {'start': 234, 'end': 247, 'tag': 'transparency'}, {'start': 248, 'end': 254, 'tag': 'ogpro'}], 'urls': [{'start': 61, 'end': 84, 'url': 'https://t.co/dPRk9qcT9q', 'expanded_url': 'https://data.gov.ro/', 'display_url': 'data.gov.ro'}, {'start': 255, 'end': 278, 'url': 'https://t.co/5fKHkOl1Av', 'expanded_url': 'https://twitter.com/ogp_ro/status/1273215018180530179/photo/1', 'display_url': 'pic.twitter.com/5fKHkOl1Av', 'media_key': '3_1273214438762569729'}]}",1273215018180530179,"{'retweet_count': 0, 'reply_count': 0, 'like_count': 0, 'quote_count': 0}",Twitter Web App,Versiunea actualizatÄƒ a portalului naÈ›ional de date deschise https://t.co/dPRk9qcT9q vine cu o serie de noi resurse È™i funcÈ›ionalitÄƒÈ›i. AÈ™teptÄƒm Ã®n continuare propuneri de Ã®mbunÄƒtÄƒÈ›ire a portalului pe adresa: online@gov.ro. #opendata #transparency #ogpro https://t.co/5fKHkOl1Av
34,271700593,2020-06-04T13:22:59.000Z,['1268533711290712064'],"{'urls': [{'start': 52, 'end': 75, 'url': 'https://t.co/ygRr3isx0c', 'expanded_url': 'http://DATA.GOV.RO', 'display_url': 'DATA.GOV.RO'}, {'start': 246, 'end': 269, 'url': 'https://t.co/jVhOfND5CK', 'expanded_url': 'https://twitter.com/AlexProdefence/status/1268533711290712064/photo/1', 'display_url': 'pic.twitter.com/jVhOfND5CK', 'media_key': '3_1268533238882058241'}]}",1268533711290712064,"{'retweet_count': 1, 'reply_count': 0, 'like_count': 2, 'quote_count': 0}",Twitter Web App,"Am fÄƒcut ceea ce spune È™i pagina..â€Start cÄƒutare Ã®n https://t.co/ygRr3isx0câ€ È™i surprizele erau acolo.
Se pare ca exista o portiÈ›Äƒ undeva acolo...iar cei dornici de teste sau afirmare(negativÄƒ) au exploatat problema..unul chiar zilele trecute... https://t.co/jVhOfND5CK"
35,2428165560,2020-05-02T15:10:34.000Z,['1256601984829808641'],"{'urls': [{'start': 112, 'end': 135, 'url': 'https://t.co/xx8ILsGkDd', 'expanded_url': 'https://github.com/the-bug-software/data-gov-ro', 'display_url': 'github.com/the-bug-softwaâ€¦'}], 'annotations': [{'start': 34, 'end': 36, 'probability': 0.5777, 'type': 'Other', 'normalized_text': 'PHP'}]}",1256601984829808641,"{'retweet_count': 0, 'reply_count': 0, 'like_count': 0, 'quote_count': 0}",composer_release,[New]the-bug-software/data-gov-ro PHP library that allows programmatic access to open data sets delivered by tâ€¦ https://t.co/xx8ILsGkDd
36,1091065702449074176,2020-02-10T14:32:03.000Z,['1226876488793886720'],"{'hashtags': [{'start': 100, 'end': 108, 'tag': 'openApi'}, {'start': 109, 'end': 113, 'tag': 'api'}, {'start': 114, 'end': 125, 'tag': 'government'}], 'urls': [{'start': 76, 'end': 99, 'url': 'https://t.co/lw2kNT7T8X', 'expanded_url': 'http://data.gov.ro/', 'display_url': 'data.gov.ro', 'status': 200, 'title': 'Bine ai venit - data.gov.ro', 'description': 'Punct central de acces pentru seturile de date deschise livrate de autoritÄƒÈ›ile È™i instituÈ›iile administraÈ›iei publice, ajutÃ¢nd publicul sÄƒ gÄƒseascÄƒ, sÄƒ descarce È™i sÄƒ foloseascÄƒ informaÈ›iile generate È™i deÈ›inute de structurile administrative. Link-uri, DocumentaÈ›ii, Video Grup de lucru norme date deschise Legea nr.179/2022 privind datele deschise È™i reutilizarea informaÈ›iilor din sectorul public a fost publicatÄƒ Ã® n Monitorul Oficial din data de 14 iunie 2022. Legea transpune...', 'unwound_url': 'https://data.gov.ro/'}], 'annotations': [{'start': 38, 'end': 44, 'probability': 0.9612, 'type': 'Place', 'normalized_text': 'Romania'}, {'start': 47, 'end': 53, 'probability': 0.8954, 'type': 'Place', 'normalized_text': 'Romania'}]}",1226876488793886720,"{'retweet_count': 0, 'reply_count': 0, 'like_count': 0, 'quote_count': 0}",Random Open API,"ğŸ“¡ Random Open API ğŸ“¡

Open Government, Romania: Romania Government Open Data https://t.co/lw2kNT7T8X #openApi #api #government"
37,479581865,2020-02-06T12:06:54.000Z,['1225390407187619841'],"{'hashtags': [{'start': 0, 'end': 6, 'tag': 'MLPDA'}, {'start': 167, 'end': 180, 'tag': 'datedeschise'}, {'start': 182, 'end': 191, 'tag': 'opendata'}], 'urls': [{'start': 109, 'end': 132, 'url': 'https://t.co/A1TK7qSeU8', 'expanded_url': 'http://data.gov.ro', 'display_url': 'data.gov.ro', 'status': 200, 'title': 'Bine ai venit - data.gov.ro', 'description': 'Punct central de acces pentru seturile de date deschise livrate de autoritÄƒÈ›ile È™i instituÈ›iile administraÈ›iei publice, ajutÃ¢nd publicul sÄƒ gÄƒseascÄƒ, sÄƒ descarce È™i sÄƒ foloseascÄƒ informaÈ›iile generate È™i deÈ›inute de structurile administrative. Link-uri, DocumentaÈ›ii, Video Grup de lucru norme date deschise Legea nr.179/2022 privind datele deschise È™i reutilizarea informaÈ›iilor din sectorul public a fost publicatÄƒ Ã® n Monitorul Oficial din data de 14 iunie 2022. Legea transpune...', 'unwound_url': 'https://data.gov.ro/'}, {'start': 202, 'end': 225, 'url': 'https://t.co/MMWMGbaDar', 'expanded_url': 'https://bit.ly/2S1YfVa', 'display_url': 'bit.ly/2S1YfVa'}, {'start': 226, 'end': 249, 'url': 'https://t.co/UMQNoPKEcY', 'expanded_url': 'https://twitter.com/eDezvoltare/status/1225390407187619841/photo/1', 'display_url': 'pic.twitter.com/UMQNoPKEcY', 'media_key': '3_1225390313604251648'}]}",1225390407187619841,"{'retweet_count': 0, 'reply_count': 0, 'like_count': 1, 'quote_count': 0}",Twitter Web App,"#MLPDA Ã®n continuare pe primul loc Ã®n rÃ¢ndul instituÈ›iilor care publicÄƒ seturi de date deschise Ã®n portalul  https://t.co/A1TK7qSeU8, cu 377 seturi de date deschise,  #datedeschise. #opendata  Detalii: https://t.co/MMWMGbaDar https://t.co/UMQNoPKEcY"
38,1029301633400881152,2020-01-16T22:26:48.000Z,['1217936263472459776'],"{'urls': [{'start': 51, 'end': 74, 'url': 'https://t.co/n2O4icblyp', 'expanded_url': 'http://data.gov.ro/organization/agentia-nationala-pentru-protectia-mediului?q=&sort=metadata_modified+desc', 'display_url': 'data.gov.ro/organization/aâ€¦'}]}",1217936263472459776,"{'retweet_count': 0, 'reply_count': 0, 'like_count': 0, 'quote_count': 0}",Twitter Web App,"open data in Romania. Ultima modificare in 2014 ğŸ˜¡

https://t.co/n2O4icblyp"
39,1091065702449074176,2019-11-29T14:32:27.000Z,['1200422274781855744'],"{'hashtags': [{'start': 100, 'end': 108, 'tag': 'openApi'}, {'start': 109, 'end': 113, 'tag': 'api'}, {'start': 114, 'end': 125, 'tag': 'government'}], 'urls': [{'start': 76, 'end': 99, 'url': 'https://t.co/lw2kNT7T8X', 'expanded_url': 'http://data.gov.ro/', 'display_url': 'data.gov.ro', 'status': 200, 'title': 'Bine ai venit - data.gov.ro', 'description': 'Punct central de acces pentru seturile de date deschise livrate de autoritÄƒÈ›ile È™i instituÈ›iile administraÈ›iei publice, ajutÃ¢nd publicul sÄƒ gÄƒseascÄƒ, sÄƒ descarce È™i sÄƒ foloseascÄƒ informaÈ›iile generate È™i deÈ›inute de structurile administrative. Link-uri, DocumentaÈ›ii, Video Grup de lucru norme date deschise Legea nr.179/2022 privind datele deschise È™i reutilizarea informaÈ›iilor din sectorul public a fost publicatÄƒ Ã® n Monitorul Oficial din data de 14 iunie 2022. Legea transpune...', 'unwound_url': 'https://data.gov.ro/'}], 'annotations': [{'start': 38, 'end': 44, 'probability': 0.9612, 'type': 'Place', 'normalized_text': 'Romania'}, {'start': 47, 'end': 53, 'probability': 0.8954, 'type': 'Place', 'normalized_text': 'Romania'}]}",1200422274781855744,"{'retweet_count': 0, 'reply_count': 0, 'like_count': 0, 'quote_count': 0}",Random Open API,"ğŸ“¡ Random Open API ğŸ“¡

Open Government, Romania: Romania Government Open Data https://t.co/lw2kNT7T8X #openApi #api #government"
40,10096222,2018-11-03T07:37:26.000Z,['1058624174137241600'],"{'urls': [{'start': 0, 'end': 23, 'url': 'https://t.co/Dor3IU0plj', 'expanded_url': 'http://data.gov.ro/', 'display_url': 'data.gov.ro'}]}",1058624174137241600,"{'retweet_count': 0, 'reply_count': 0, 'like_count': 0, 'quote_count': 0}",Twitter Web Client,https://t.co/Dor3IU0plj
41,768460421636300800,2018-11-01T08:56:15.000Z,['1057919234574036992'],"{'hashtags': [{'start': 221, 'end': 226, 'tag': 'ELRC'}, {'start': 228, 'end': 241, 'tag': 'ELRC_Romania'}], 'urls': [{'start': 126, 'end': 149, 'url': 'https://t.co/Q1hUlzeNhj', 'expanded_url': 'http://data.gov.ro', 'display_url': 'data.gov.ro', 'status': 200, 'title': 'Bine ai venit - data.gov.ro', 'description': 'Punct central de acces pentru seturile de date deschise livrate de autoritÄƒÈ›ile È™i instituÈ›iile administraÈ›iei publice, ajutÃ¢nd publicul sÄƒ gÄƒseascÄƒ, sÄƒ descarce È™i sÄƒ foloseascÄƒ informaÈ›iile generate È™i deÈ›inute de structurile administrative. Link-uri, DocumentaÈ›ii, Video Grup de lucru norme date deschise Legea nr.179/2022 privind datele deschise È™i reutilizarea informaÈ›iilor din sectorul public a fost publicatÄƒ Ã® n Monitorul Oficial din data de 14 iunie 2022. Legea transpune...', 'unwound_url': 'https://data.gov.ro/'}], 'annotations': [{'start': 0, 'end': 12, 'probability': 0.5768, 'type': 'Person', 'normalized_text': 'Larisa Panait'}, {'start': 200, 'end': 218, 'probability': 0.5632, 'type': 'Other', 'normalized_text': 'EU Open Data Portal'}, {'start': 222, 'end': 225, 'probability': 0.6214, 'type': 'Organization', 'normalized_text': 'ELRC'}, {'start': 229, 'end': 233, 'probability': 0.5662, 'type': 'Organization', 'normalized_text': 'ELRC_'}, {'start': 234, 'end': 240, 'probability': 0.6671, 'type': 'Place', 'normalized_text': 'Romania'}]}",1057919234574036992,"{'retweet_count': 0, 'reply_count': 0, 'like_count': 1, 'quote_count': 0}",Twitter Web Client,"Larisa Panait, Information Technology Department, General Secretariat of the Government, is presenting how Romanian data from https://t.co/Q1hUlzeNhj are harvested and automatically translated by the EU Open Data Portal. #ELRC, #ELRC_Romania"
42,951122605,2018-08-29T04:49:42.000Z,['1034664363410567169'],"{'urls': [{'start': 88, 'end': 111, 'url': 'https://t.co/i1KpkxMFK7', 'expanded_url': 'http://data.gov.ro', 'display_url': 'data.gov.ro'}, {'start': 113, 'end': 136, 'url': 'https://t.co/vWOo5uCnVU', 'expanded_url': 'http://www.opiniabuzau.ro', 'display_url': 'opiniabuzau.ro', 'status': 200, 'title': 'Opinia Buzau - 32 de ani de presa libera', 'description': 'Opinia Buzau', 'unwound_url': 'https://opiniabuzau.ro/'}, {'start': 163, 'end': 186, 'url': 'https://t.co/uXe1P2JVil', 'expanded_url': 'https://goo.gl/fCX6JP', 'display_url': 'goo.gl/fCX6JP'}, {'start': 187, 'end': 210, 'url': 'https://t.co/fwOTakjoRS', 'expanded_url': 'https://twitter.com/calinbostan/status/1034664363410567169/photo/1', 'display_url': 'pic.twitter.com/fwOTakjoRS', 'media_key': '3_1034664351620325376'}]}",1034664363410567169,"{'retweet_count': 0, 'reply_count': 0, 'like_count': 0, 'quote_count': 0}",Twitter Web Client,"SituaÅ£iile financiare ale firmelor private ÅŸi ale instituÅ£iilor publice, disponibile pe https://t.co/i1KpkxMFK7: https://t.co/vWOo5uCnVU -----&gt;&gt;&gt;&gt;&gt; https://t.co/uXe1P2JVil https://t.co/fwOTakjoRS"
43,7162442,2018-08-17T08:43:07.000Z,['1030374450343145473'],"{'hashtags': [{'start': 169, 'end': 175, 'tag': 'spain'}, {'start': 227, 'end': 238, 'tag': 'corruption'}], 'urls': [{'start': 87, 'end': 110, 'url': 'https://t.co/4ySLhr1vkp', 'expanded_url': 'http://data.gov.ro', 'display_url': 'data.gov.ro'}], 'annotations': [{'start': 170, 'end': 174, 'probability': 0.5566, 'type': 'Place', 'normalized_text': 'spain'}]}",1030374450343145473,"{'retweet_count': 0, 'reply_count': 0, 'like_count': 0, 'quote_count': 0}",Twitter Web Client,"""The website you can visit to get financial data for any Romanian company"" supposedly, https://t.co/4ySLhr1vkp, I'd like to check it out how true is this statement.  In #spain you have to pay for it. What effects could have on #corruption ?"
44,1245061530,2018-08-16T06:29:05.000Z,['1029978333218516992'],"{'urls': [{'start': 88, 'end': 111, 'url': 'https://t.co/qhpvmoob7x', 'expanded_url': 'http://data.gov.ro', 'display_url': 'data.gov.ro'}, {'start': 112, 'end': 135, 'url': 'https://t.co/dZ2nSEcCKA', 'expanded_url': 'http://www.mdm.ro/2018/situatiile-financiare-ale-firmelor-private-si-ale-institutiilor-publice-disponibile-pe-data-gov-ro/', 'display_url': 'mdm.ro/2018/situatiilâ€¦'}]}",1029978333218516992,"{'retweet_count': 0, 'reply_count': 0, 'like_count': 0, 'quote_count': 0}",Facebook,"SituaÈ›iile financiare ale firmelor private È™i ale instituÈ›iilor publice, disponibile pe https://t.co/qhpvmoob7x https://t.co/dZ2nSEcCKA"
45,1245061530,2018-08-16T04:59:49.000Z,['1029955869235204096'],"{'urls': [{'start': 88, 'end': 111, 'url': 'https://t.co/qhpvmoob7x', 'expanded_url': 'http://data.gov.ro', 'display_url': 'data.gov.ro'}, {'start': 114, 'end': 137, 'url': 'https://t.co/dZ2nSEcCKA', 'expanded_url': 'http://www.mdm.ro/2018/situatiile-financiare-ale-firmelor-private-si-ale-institutiilor-publice-disponibile-pe-data-gov-ro/', 'display_url': 'mdm.ro/2018/situatiilâ€¦'}]}",1029955869235204096,"{'retweet_count': 0, 'reply_count': 0, 'like_count': 0, 'quote_count': 0}",MDM Group,"SituaÈ›iile financiare ale firmelor private È™i ale instituÈ›iilor publice, disponibile pe https://t.co/qhpvmoob7x - https://t.co/dZ2nSEcCKA"
46,2673537259,2018-08-13T10:13:48.000Z,['1028947720252403712'],"{'urls': [{'start': 89, 'end': 112, 'url': 'https://t.co/yHpDsfRZkg', 'expanded_url': 'http://data.gov.ro', 'display_url': 'data.gov.ro'}, {'start': 113, 'end': 136, 'url': 'https://t.co/zhPZ50MjVJ', 'expanded_url': 'http://dbiromania.ro/situatiile-financiare-ale-firmelor-private-si-ale-institutiilor-publice-pot-fi-gasite-pe-data-gov-ro/', 'display_url': 'dbiromania.ro/situatiile-finâ€¦'}, {'start': 137, 'end': 160, 'url': 'https://t.co/ULDqTWvHdD', 'expanded_url': 'https://twitter.com/dbiromania/status/1028947720252403712/photo/1', 'display_url': 'pic.twitter.com/ULDqTWvHdD', 'media_key': '3_1028947696495853568'}]}",1028947720252403712,"{'retweet_count': 0, 'reply_count': 0, 'like_count': 0, 'quote_count': 0}",Twitter Web Client,SituaÅ£iile financiare ale firmelor private ÅŸi ale instituÅ£iilor publice pot fi gÄƒsite pe https://t.co/yHpDsfRZkg https://t.co/zhPZ50MjVJ https://t.co/ULDqTWvHdD
47,2848439908,2018-08-13T05:13:40.000Z,['1028872190937190400'],"{'urls': [{'start': 145, 'end': 168, 'url': 'https://t.co/iBrJ6FxxIy', 'expanded_url': 'http://transilvania365.ro/situatiile-financiare-ale-firmelor-private-si-ale-institutiilor-publice-sunt-disponibile-pe-data-gov-ro/', 'display_url': 'transilvania365.ro/situatiile-finâ€¦'}]}",1028872190937190400,"{'retweet_count': 0, 'reply_count': 0, 'like_count': 0, 'quote_count': 0}",Facebook,"Pentru asigurarea cadrului dezvoltÄƒrii unui mediu de afaceri concurenÈ›ial, transparent È™i corect, Ministerul FinanÈ›elor Publice a Ã®ncÄƒrcat pe... https://t.co/iBrJ6FxxIy"
48,233887848,2018-08-10T21:30:22.000Z,['1028030821595328512'],"{'urls': [{'start': 36, 'end': 59, 'url': 'https://t.co/9wSpPnBjOD', 'expanded_url': 'https://www.observatorulph.ro/economic/97979-cauti-situatiile-financiare-ale-unei-institutii-publice-sau-ale-unei-firme-teoretic-le-gasesti-pe-data-gov-ro', 'display_url': 'observatorulph.ro/economic/97979â€¦'}]}",1028030821595328512,"{'retweet_count': 0, 'reply_count': 0, 'like_count': 0, 'quote_count': 0}",Facebook,Cum ar fi sÄƒ gÄƒseÈ™ti ceea ce cauÈ›i? https://t.co/9wSpPnBjOD
49,3844814369,2018-08-10T13:29:39.000Z,['1027909843590504451'],"{'urls': [{'start': 92, 'end': 115, 'url': 'https://t.co/3aWUhS5KJp', 'expanded_url': 'http://data.gov.ro', 'display_url': 'data.gov.ro'}]}",1027909843590504451,"{'retweet_count': 0, 'reply_count': 0, 'like_count': 0, 'quote_count': 0}",2am.eu,SituaÅ£iile financiare ale firmelor private ÅŸi ale instituÅ£iilor publice sunt disponibile pe https://t.co/3aWUhS5KJp...
50,327272492,2018-08-10T12:22:21.000Z,['1027892909805395969'],"{'urls': [{'start': 103, 'end': 126, 'url': 'https://t.co/JNN0eYdFo8', 'expanded_url': 'http://data.gov.ro', 'display_url': 'data.gov.ro'}, {'start': 127, 'end': 150, 'url': 'https://t.co/IBSbypGwtS', 'expanded_url': 'http://www.radioiasi.ro/fapt-divers/situatiile-financiare-ale-firmelor-private-si-ale-institutiilor-publice-disponibile-online-pe-site-ul-data-gov-ro/', 'display_url': 'radioiasi.ro/fapt-divers/siâ€¦'}]}",1027892909805395969,"{'retweet_count': 0, 'reply_count': 0, 'like_count': 0, 'quote_count': 0}",Facebook,"SituaÅ£iile financiare ale firmelor private ÅŸi ale instituÅ£iilor publice, disponibile online pe site-ul https://t.co/JNN0eYdFo8 https://t.co/IBSbypGwtS"
51,133017614,2018-08-10T09:55:14.000Z,['1027855887678013445'],"{'urls': [{'start': 105, 'end': 128, 'url': 'https://t.co/bDZdMWdlFj', 'expanded_url': 'http://data.gov.ro', 'display_url': 'data.gov.ro'}, {'start': 129, 'end': 152, 'url': 'https://t.co/8Xq5zsM7NW', 'expanded_url': 'http://www.puterea.ro/economie/mf-situatiile-financiare-ale-firmelor-private-si-ale-institutiilor-publice-sunt-disponibile-pe-portalul-datagovro-170553.html', 'display_url': 'puterea.ro/economie/mf-siâ€¦'}]}",1027855887678013445,"{'retweet_count': 0, 'reply_count': 0, 'like_count': 0, 'quote_count': 0}",Facebook,MF: SituaÅ£iile FINANCIARE ale firmelor private ÅŸi ale instituÅ£iilor publice sunt disponibile pe portalul https://t.co/bDZdMWdlFj https://t.co/8Xq5zsM7NW
52,50634137,2018-08-10T09:15:59.000Z,['1027846010301767680'],"{'hashtags': [{'start': 226, 'end': 236, 'tag': 'bucuresti'}], 'urls': [{'start': 99, 'end': 122, 'url': 'https://t.co/wAAayBs2Bb', 'expanded_url': 'http://data.gov.ro', 'display_url': 'data.gov.ro'}, {'start': 202, 'end': 225, 'url': 'https://t.co/RHL8KECkGN', 'expanded_url': 'http://www.gandul.info/financiar/situatii-financiare-agenti-economici-facute-publice-portal-data-gov-ro-17403051', 'display_url': 'gandul.info/financiar/situâ€¦'}]}",1027846010301767680,"{'retweet_count': 0, 'reply_count': 0, 'like_count': 0, 'quote_count': 0}",TweetDeck,"SituaÅ£iile financiare ale operatorilor economici ÅŸi ale entitÄƒÅ£ilor publice, Ã®ncÄƒrcate pe portalul https://t.co/wAAayBs2Bb. DeÈ™i Ministerul FinanÈ›elor se laudÄƒ cu proiectul, acesta Ã®ncÄƒ nu funcÈ›ioneazÄƒ https://t.co/RHL8KECkGN #bucuresti"
53,379093734,2018-08-10T09:15:45.000Z,['1027845951090831360'],"{'urls': [{'start': 65, 'end': 88, 'url': 'https://t.co/NZIMrVvmDB', 'expanded_url': 'http://data.gov.ro', 'display_url': 'data.gov.ro'}, {'start': 150, 'end': 173, 'url': 'https://t.co/kzYC0mScE9', 'expanded_url': 'https://psnews.ro/situatiile-financiare-ale-firmelor-private-si-ale-institutiilor-publice-disponibile-pe-portalul-data-gov-ro-225578/', 'display_url': 'psnews.ro/situatiile-finâ€¦'}]}",1027845951090831360,"{'retweet_count': 0, 'reply_count': 0, 'like_count': 0, 'quote_count': 0}",Facebook,Ministerul FinanÅ£elor a anunÅ£at vineri cÄƒ a Ã®ncÄƒrcat pe portalul https://t.co/NZIMrVvmDB situaÅ£iile financiare ale firmelor private ÅŸi entitÄƒÅ£ilor... https://t.co/kzYC0mScE9
54,1027294755699548166,2018-08-10T08:32:22.000Z,['1027835030079512576'],"{'urls': [{'start': 89, 'end': 112, 'url': 'https://t.co/RuHlNbdsCr', 'expanded_url': 'http://data.gov.ro', 'display_url': 'data.gov.ro'}, {'start': 113, 'end': 136, 'url': 'https://t.co/ikf2US506F', 'expanded_url': 'https://stiribuc.ro/stiri-recente/mfp-situatiile-financiare-ale-firmelor-private-si-institutiilor-publice-disponibile-pe-data-gov-ro/', 'display_url': 'stiribuc.ro/stiri-recente/â€¦'}]}",1027835030079512576,"{'retweet_count': 0, 'reply_count': 0, 'like_count': 0, 'quote_count': 0}",WordPress.com,"MFP: SituaÅ£iile financiare ale firmelor private ÅŸi instituÅ£iilor publice, disponibile peÂ https://t.co/RuHlNbdsCr https://t.co/ikf2US506F"
55,73642676,2018-08-10T08:07:43.000Z,['1027828828918489088'],"{'hashtags': [{'start': 0, 'end': 11, 'tag': 'SituaÅ£iile'}], 'urls': [{'start': 90, 'end': 113, 'url': 'https://t.co/tRMsii0MNP', 'expanded_url': 'http://data.gov.ro', 'display_url': 'data.gov.ro', 'status': 200, 'title': 'Bine ai venit - data.gov.ro', 'description': 'Punct central de acces pentru seturile de date deschise livrate de autoritÄƒÈ›ile È™i instituÈ›iile administraÈ›iei publice, ajutÃ¢nd publicul sÄƒ gÄƒseascÄƒ, sÄƒ descarce È™i sÄƒ foloseascÄƒ informaÈ›iile generate È™i deÈ›inute de structurile administrative. Link-uri, DocumentaÈ›ii, Video Grup de lucru norme date deschise Legea nr.179/2022 privind datele deschise È™i reutilizarea informaÈ›iilor din sectorul public a fost publicatÄƒ Ã® n Monitorul Oficial din data de 14 iunie 2022. Legea transpune...', 'unwound_url': 'https://data.gov.ro/'}, {'start': 114, 'end': 137, 'url': 'https://t.co/qCS26czPZm', 'expanded_url': 'https://ift.tt/2vv3AJ2', 'display_url': 'ift.tt/2vv3AJ2', 'status': 404, 'unwound_url': 'https://bitly.ift.tt/2vv3AJ2'}]}",1027828828918489088,"{'retweet_count': 0, 'reply_count': 0, 'like_count': 0, 'quote_count': 0}",IFTTT,#SituaÅ£iile financiare ale firmelor private ÅŸi ale instituÅ£iilor publice pot fi gÄƒsite pe https://t.co/tRMsii0MNP https://t.co/qCS26czPZm
56,233887848,2018-08-10T07:54:36.000Z,['1027825529108488192'],"{'urls': [{'start': 36, 'end': 59, 'url': 'https://t.co/9wSpPnBjOD', 'expanded_url': 'https://www.observatorulph.ro/economic/97979-cauti-situatiile-financiare-ale-unei-institutii-publice-sau-ale-unei-firme-teoretic-le-gasesti-pe-data-gov-ro', 'display_url': 'observatorulph.ro/economic/97979â€¦'}]}",1027825529108488192,"{'retweet_count': 0, 'reply_count': 0, 'like_count': 0, 'quote_count': 0}",Facebook,Cum ar fi sÄƒ gÄƒseÈ™ti ceea ce cauÈ›i? https://t.co/9wSpPnBjOD
57,106095565,2018-07-10T10:00:09.000Z,['1016623097561133056'],"{'urls': [{'start': 120, 'end': 143, 'url': 'https://t.co/lfURGWnbyX', 'expanded_url': 'http://data.gov.ro', 'display_url': 'data.gov.ro'}, {'start': 214, 'end': 237, 'url': 'https://t.co/DJjCoUgI1L', 'expanded_url': 'https://www.sfin.ro/actualitate/in-2016-eugen-teodorovici-datora-anaf-peste-peste-73-000-de-lei-restanta-pe-care-o-va-plati-cand-va-putea-pe-site-ul-data-gov-ro-lista-care-continea-aproape-200-000-de-nume-nu/', 'display_url': 'sfin.ro/actualitate/inâ€¦'}]}",1016623097561133056,"{'retweet_count': 0, 'reply_count': 0, 'like_count': 0, 'quote_count': 0}",Facebook,"Ãn 2016 Eugen Teodorovici datora ANAF peste peste 73.000 de lei, restanÅ£Äƒ pe care â€œo va plÄƒti cÃ¢nd va puteaâ€.Pe site-ul https://t.co/lfURGWnbyX lista care conÅ£inea aproape 200.000 de nume, nu mai poate fi accesatÄƒ https://t.co/DJjCoUgI1L"
58,1462810370,2018-07-08T17:56:37.000Z,['1016018229838442502'],"{'urls': [{'start': 93, 'end': 116, 'url': 'https://t.co/RCuaZoRJYx', 'expanded_url': 'http://data.gov.ro', 'display_url': 'data.gov.ro'}, {'start': 162, 'end': 185, 'url': 'https://t.co/pvO2PZxhtS', 'expanded_url': 'https://adevarul.ro/economie/stiri-economice/lista-2016-arata-teodorovici-datora-anaf-73000-lei-scoasa-site-ul-datagovro-documentul-continea-aproape-200000-nume-1_5b4203ffdf52022f75fbfe4e/index.html', 'display_url': 'adevarul.ro/economie/stiriâ€¦'}]}",1016018229838442502,"{'retweet_count': 0, 'reply_count': 0, 'like_count': 0, 'quote_count': 0}",Facebook,"Lista din 2016, care arÄƒta cÄƒ Teodorovici datora ANAF peste 73.000 lei, scoasÄƒ de pe site-ul https://t.co/RCuaZoRJYx. Documentul conÅ£inea aproape 200.000 de nume https://t.co/pvO2PZxhtS"
59,134110252,2018-07-08T16:56:00.000Z,['1016002974898933761'],"{'urls': [{'start': 93, 'end': 116, 'url': 'https://t.co/oNiAS8qzDl', 'expanded_url': 'http://data.gov.ro', 'display_url': 'data.gov.ro'}, {'start': 162, 'end': 185, 'url': 'https://t.co/DzYUs3nFAs', 'expanded_url': 'https://adevarul.ro/economie/stiri-economice/lista-2016-arata-teodorovici-datora-anaf-73000-lei-scoasa-site-ul-datagovro-documentul-continea-aproape-200000-nume-1_5b4203ffdf52022f75fbfe4e/index.html?source=biziday', 'display_url': 'adevarul.ro/economie/stiriâ€¦'}]}",1016002974898933761,"{'retweet_count': 0, 'reply_count': 0, 'like_count': 0, 'quote_count': 0}",Facebook,"Lista din 2016, care arÄƒta cÄƒ Teodorovici datora ANAF peste 73.000 lei, scoasÄƒ de pe site-ul https://t.co/oNiAS8qzDl. Documentul conÅ£inea aproape 200.000 de nume https://t.co/DzYUs3nFAs"
60,3844814369,2018-07-08T15:04:33.000Z,['1015974928603058176'],"{'urls': [{'start': 93, 'end': 116, 'url': 'https://t.co/3aWUhS5KJp', 'expanded_url': 'http://data.gov.ro', 'display_url': 'data.gov.ro'}]}",1015974928603058176,"{'retweet_count': 0, 'reply_count': 0, 'like_count': 0, 'quote_count': 0}",2am.eu,"Lista din 2016, care arÄƒta cÄƒ Teodorovici datora ANAF peste 73.000 lei, scoasÄƒ de pe site-ul https://t.co/3aWUhS5KJp. Documentul conÅ£inea aproape 200.000 de nume..."
61,479581865,2018-05-31T12:09:55.000Z,['1002160241893609472'],"{'hashtags': [{'start': 0, 'end': 13, 'tag': 'Transparenta'}, {'start': 20, 'end': 25, 'tag': 'date'}, {'start': 26, 'end': 35, 'tag': 'deschise'}, {'start': 79, 'end': 85, 'tag': 'MDRAP'}], 'urls': [{'start': 154, 'end': 177, 'url': 'https://t.co/UnDEacQbvz', 'expanded_url': 'http://data.gov.ro/organization/mdrap', 'display_url': 'data.gov.ro/organization/mâ€¦'}, {'start': 229, 'end': 252, 'url': 'https://t.co/MthvohFgM9', 'expanded_url': 'https://bit.ly/2JjhKVS', 'display_url': 'bit.ly/2JjhKVS'}, {'start': 255, 'end': 278, 'url': 'https://t.co/xium6J8YwZ', 'expanded_url': 'http://data.gov.ro/dataset', 'display_url': 'data.gov.ro/dataset'}, {'start': 279, 'end': 302, 'url': 'https://t.co/WGo4IKo5Pw', 'expanded_url': 'https://twitter.com/eDezvoltare/status/1002160241893609472/photo/1', 'display_url': 'pic.twitter.com/WGo4IKo5Pw', 'media_key': '3_1002160188269498368'}]}",1002160241893609472,"{'retweet_count': 0, 'reply_count': 1, 'like_count': 0, 'quote_count': 0}",Twitter Web Client,"#Transparenta, prin #date #deschise: pentru o imagine Ã®n detaliu a activitÄƒÈ›ii #MDRAP, urmÄƒriÈ›i cele 321 de seturi de date deschise publicate Ã®n portalul https://t.co/UnDEacQbvz - MDRAP, pe primul loc ca numÄƒr de date Ã®ncÄƒrcate: https://t.co/MthvohFgM9 / https://t.co/xium6J8YwZ https://t.co/WGo4IKo5Pw"
62,479581865,2018-05-10T11:38:19.000Z,['994542142323339264'],"{'hashtags': [{'start': 49, 'end': 55, 'tag': 'MDRAP'}, {'start': 92, 'end': 99, 'tag': 'datele'}, {'start': 100, 'end': 109, 'tag': 'deschise'}], 'urls': [{'start': 132, 'end': 155, 'url': 'https://t.co/A1TK7qSeU8', 'expanded_url': 'http://data.gov.ro', 'display_url': 'data.gov.ro', 'status': 200, 'title': 'Bine ai venit - data.gov.ro', 'description': 'Punct central de acces pentru seturile de date deschise livrate de autoritÄƒÈ›ile È™i instituÈ›iile administraÈ›iei publice, ajutÃ¢nd publicul sÄƒ gÄƒseascÄƒ, sÄƒ descarce È™i sÄƒ foloseascÄƒ informaÈ›iile generate È™i deÈ›inute de structurile administrative. Link-uri, DocumentaÈ›ii, Video Grup de lucru norme date deschise Legea nr.179/2022 privind datele deschise È™i reutilizarea informaÈ›iilor din sectorul public a fost publicatÄƒ Ã® n Monitorul Oficial din data de 14 iunie 2022. Legea transpune...', 'unwound_url': 'https://data.gov.ro/'}, {'start': 228, 'end': 251, 'url': 'https://t.co/j41CUbvNcM', 'expanded_url': 'https://goo.gl/a1ENTh', 'display_url': 'goo.gl/a1ENTh'}, {'start': 273, 'end': 296, 'url': 'https://t.co/ZGORD1VxMM', 'expanded_url': 'https://twitter.com/eDezvoltare/status/994542142323339264/photo/1', 'display_url': 'pic.twitter.com/ZGORD1VxMM', 'media_key': '3_994542048039591936'}], 'mentions': [{'start': 252, 'end': 259, 'username': 'ogp_ro', 'id': '4492539993'}, {'start': 260, 'end': 272, 'username': 'opengovpart', 'id': '321575853'}]}",994542142323339264,"{'retweet_count': 1, 'reply_count': 0, 'like_count': 1, 'quote_count': 0}",Twitter Web Client,"DacÄƒ vreÈ›i sÄƒ È™tiÈ›i mai multe despre activitatea #MDRAP È™i a celorlalte ministere, urmÄƒriÈ›i #datele #deschise publicate Ã®n portalul https://t.co/A1TK7qSeU8. Chiar acum a fost actualizat inventarul seturilor de date disponibile: https://t.co/j41CUbvNcM @ogp_ro @opengovpart https://t.co/ZGORD1VxMM"
63,133239207,2018-05-08T06:08:30.000Z,['993734367943036928'],"{'urls': [{'start': 55, 'end': 78, 'url': 'https://t.co/wp5AwLjXES', 'expanded_url': 'http://data.gov.ro', 'display_url': 'data.gov.ro'}, {'start': 162, 'end': 185, 'url': 'https://t.co/RGyMaYkA6R', 'expanded_url': 'http://Infolegal.ro', 'display_url': 'Infolegal.ro'}, {'start': 186, 'end': 209, 'url': 'https://t.co/S5Kr8bMj7v', 'expanded_url': 'http://www.infolegal.ro/mfp-supune-consultarii-proiectul-privind-publicarea-pe-data-gov-ro-a-seturilor-de-date-deschise-privind-platitorii-de-impozite-si-taxe-inregistrati/2018/05/08/#.WvE-zFSiH-Q.facebook', 'display_url': 'infolegal.ro/mfp-supune-conâ€¦'}]}",993734367943036928,"{'retweet_count': 0, 'reply_count': 0, 'like_count': 0, 'quote_count': 0}",Facebook,MFP supune consultÄƒrii proiectul privind publicarea pe https://t.co/wp5AwLjXES a seturilor de date deschise privind plÄƒtitorii de impozite È™i taxe Ã®nregistraÈ›i | https://t.co/RGyMaYkA6R https://t.co/S5Kr8bMj7v
64,315109493,2017-10-03T13:44:37.000Z,['915210988017930240'],"{'urls': [{'start': 0, 'end': 23, 'url': 'https://t.co/tJVZnK9HNI', 'expanded_url': 'https://data.gov.ro/dataset/buget-sgg', 'display_url': 'data.gov.ro/dataset/buget-â€¦'}, {'start': 24, 'end': 47, 'url': 'https://t.co/oxtY2WYJR8', 'expanded_url': 'http://fb.me/5B2GGJOJy', 'display_url': 'fb.me/5B2GGJOJy'}]}",915210988017930240,"{'retweet_count': 0, 'reply_count': 0, 'like_count': 0, 'quote_count': 0}",Facebook,https://t.co/tJVZnK9HNI https://t.co/oxtY2WYJR8
65,2411632196,2017-09-28T20:39:16.000Z,['913503394899333120'],"{'urls': [{'start': 117, 'end': 140, 'url': 'https://t.co/uxi2iOU1fg', 'expanded_url': 'http://fb.me/2d4WQDgaY', 'display_url': 'fb.me/2d4WQDgaY'}]}",913503394899333120,"{'retweet_count': 0, 'reply_count': 0, 'like_count': 0, 'quote_count': 0}",Facebook,Comunicat de presÄƒ al PNL: 2017 â€“ simulacru de transparenÈ›Äƒ È™i restrÃ¢ngerea dreptului fundamental al romÃ¢nilor de... https://t.co/uxi2iOU1fg
66,51988166,2017-06-05T21:22:22.000Z,['871839638205419520'],"{'urls': [{'start': 111, 'end': 134, 'url': 'https://t.co/v8GMbBR72y', 'expanded_url': 'http://fb.me/8EsYpld2D', 'display_url': 'fb.me/8EsYpld2D'}]}",871839638205419520,"{'retweet_count': 0, 'reply_count': 0, 'like_count': 0, 'quote_count': 0}",Facebook,"Badea insistÄƒ cÄƒ nu existÄƒ o listÄƒ a ONG-urilor de utilitate publicÄƒ.
Lista e publicatÄƒ de anul trecut, din... https://t.co/v8GMbBR72y"
67,479581865,2017-05-26T09:10:07.000Z,['868031482065039360'],"{'hashtags': [{'start': 16, 'end': 21, 'tag': 'date'}, {'start': 31, 'end': 39, 'tag': 'MDRAPFE'}, {'start': 95, 'end': 104, 'tag': 'OpenData'}], 'urls': [{'start': 117, 'end': 140, 'url': 'https://t.co/PmuwzOMhTv', 'expanded_url': 'http://bit.ly/2qj1ADj', 'display_url': 'bit.ly/2qj1ADj'}]}",868031482065039360,"{'retweet_count': 0, 'reply_count': 0, 'like_count': 0, 'quote_count': 0}",Twitter Web Client,93 de seturi de #date deschise #MDRAPFE È™i instituÈ›ii din subordine/sub autoritate Ã®n portalul #OpenData al @guv_ro: https://t.co/PmuwzOMhTv
68,12876052,2017-05-25T13:13:16.000Z,['867730285147942913'],"{'hashtags': [{'start': 50, 'end': 61, 'tag': 'SEEDIG2017'}, {'start': 62, 'end': 71, 'tag': 'OpenData'}], 'urls': [{'start': 25, 'end': 48, 'url': 'https://t.co/ixU2nPgJmO', 'expanded_url': 'http://data.gov.ro/en/', 'display_url': 'data.gov.ro/en/'}, {'start': 72, 'end': 95, 'url': 'https://t.co/Fv16yUG46T', 'expanded_url': 'https://twitter.com/ApTI_ro/status/867729715624374273/photo/1', 'display_url': 'pic.twitter.com/Fv16yUG46T', 'media_key': '3_867729691091795968'}], 'annotations': [{'start': 0, 'end': 6, 'probability': 0.7558, 'type': 'Other', 'normalized_text': 'ApTI_ro'}, {'start': 51, 'end': 60, 'probability': 0.6233, 'type': 'Other', 'normalized_text': 'SEEDIG2017'}, {'start': 63, 'end': 70, 'probability': 0.5216, 'type': 'Other', 'normalized_text': 'OpenData'}]}",867730285147942913,"{'retweet_count': 0, 'reply_count': 0, 'like_count': 2, 'quote_count': 0}",IFTTT,ApTI_ro: Statistics from https://t.co/ixU2nPgJmO. #SEEDIG2017 #OpenData https://t.co/Fv16yUG46T
69,420448304,2017-05-25T13:11:00.000Z,['867729715624374273'],"{'hashtags': [{'start': 41, 'end': 52, 'tag': 'SEEDIG2017'}, {'start': 53, 'end': 62, 'tag': 'OpenData'}], 'urls': [{'start': 16, 'end': 39, 'url': 'https://t.co/JtEnUNvkoz', 'expanded_url': 'http://data.gov.ro/en/', 'display_url': 'data.gov.ro/en/'}, {'start': 63, 'end': 86, 'url': 'https://t.co/eEAcjuVnfp', 'expanded_url': 'https://twitter.com/ApTI_ro/status/867729715624374273/photo/1', 'display_url': 'pic.twitter.com/eEAcjuVnfp', 'media_key': '3_867729691091795968'}], 'annotations': [{'start': 42, 'end': 51, 'probability': 0.6183, 'type': 'Other', 'normalized_text': 'SEEDIG2017'}, {'start': 54, 'end': 61, 'probability': 0.5955, 'type': 'Other', 'normalized_text': 'OpenData'}]}",867729715624374273,"{'retweet_count': 4, 'reply_count': 0, 'like_count': 3, 'quote_count': 0}",Twitter Web Client,Statistics from https://t.co/JtEnUNvkoz. #SEEDIG2017 #OpenData https://t.co/eEAcjuVnfp
70,12876052,2017-05-25T13:08:33.000Z,['867729098944245760'],"{'hashtags': [{'start': 127, 'end': 138, 'tag': 'SEEDIG2017'}], 'urls': [{'start': 65, 'end': 88, 'url': 'https://t.co/Bf9DFOa7hU', 'expanded_url': 'http://data.gov.ro/', 'display_url': 'data.gov.ro'}], 'annotations': [{'start': 9, 'end': 20, 'probability': 0.7218, 'type': 'Person', 'normalized_text': 'Matei Vasile'}]}",867729098944245760,"{'retweet_count': 1, 'reply_count': 0, 'like_count': 1, 'quote_count': 0}",IFTTT,ApTI_ro: Matei Vasile (ApTI): The only open data portal in Ro is https://t.co/Bf9DFOa7hU (961 data sets from 50 institutions). #SEEDIG2017
71,420448304,2017-05-25T13:05:23.000Z,['867728302789853186'],"{'hashtags': [{'start': 118, 'end': 129, 'tag': 'SEEDIG2017'}], 'urls': [{'start': 56, 'end': 79, 'url': 'https://t.co/0mQTQsz26e', 'expanded_url': 'http://data.gov.ro/', 'display_url': 'data.gov.ro'}], 'annotations': [{'start': 0, 'end': 11, 'probability': 0.8936, 'type': 'Person', 'normalized_text': 'Matei Vasile'}]}",867728302789853186,"{'retweet_count': 1, 'reply_count': 0, 'like_count': 2, 'quote_count': 0}",Twitter Web Client,Matei Vasile (ApTI): The only open data portal in Ro is https://t.co/0mQTQsz26e (961 data sets from 50 institutions). #SEEDIG2017
72,17050035,2017-02-28T10:24:06.000Z,['836522356118016000'],"{'urls': [{'start': 0, 'end': 23, 'url': 'https://t.co/frGR0ewgEt', 'expanded_url': 'http://data.gov.ro', 'display_url': 'data.gov.ro'}, {'start': 40, 'end': 63, 'url': 'https://t.co/Xk311PBt2G', 'expanded_url': 'http://j.mp/2lg1QLW', 'display_url': 'j.mp/2lg1QLW'}]}",836522356118016000,"{'retweet_count': 0, 'reply_count': 0, 'like_count': 0, 'quote_count': 0}",Buffer,"https://t.co/frGR0ewgEt, here I come! - https://t.co/Xk311PBt2G"
